yurt_ilce;yurt_ismi;yurt_cinsiyet;yurt_kategori;yurt_puan;yurt_degerlendirme_sayisi;yurt_saat;yurt_tel;yurt_adres;yurt_website; yurt_enlem ; yurt_boylam 
aliaga;ozel sehit murat yalvac erkek ogrenim erkek ogrenci yurdu;erkek;ozel;4,7;54;-;-;yeni, 524. sk., 35800 aliaga/izmir;-;38.78542320769829;26.9739686570935
aliaga;refik bey yuksek ogrenim erkek ogrenci yurdu;erkek;ozel;3,4;5;-;-;yali, osman nuri ozturk sk., 35800 aliaga/izmir;-;38.8121959599584;26.980131788508636
aliaga;yeni mahalle kiz ogrenci yurdu;kiz;ozel;4,1;24;-;0232 616 96 15;yeni, 536. sk., 35800 aliaga/izmir;-;38.78841038071059;26.97256497131088
aliaga;ozel atlas kiz yurdu;kiz;ozel;3,5;2;-;-;kazim dirik, 35803 aliaga/izmir;https://www.google.com/travel/hotels/izmir%20alia%C4%9Fa%20yurt/entity/CgoI-vT_0uffpaxsEAE/prices?g2lb=2502548,2503771,2503781,4258168,4284970,4291517,4597339,4757164,4814050,4874190,4893075,4924070,4965990,72298667,72302247,72317059,72370226,72379816,72385362,72389535,72389536,72390435,72393630&hl=tr-TR&gl=tr&ssta=1&q=izmir+alia%C4%9Fa+yurt&ts=CAESABorCikSJzIlMHgxNGJhMzAzYzAxZDE4NGZmOjB4NmM1ODk2ZmU3YTVmZmE3YQ&rp=OAJAAEgBwAEC&ictx=1&sa=X&ved=2ahUKEwj-g9XnnomCAxX53QIHHR3qDjcQrK0LegQIBRAC;38.799699537162844; 26.96845468665552
balcova;mis izmir kiz ogrenci yurdu;kiz;ozel;4,4;56;24 saat acik;0232 278 18 81;koruturk, funda sk. no:10, 35330 balcova/izmir;-;38.39270866155586; 27.050152596225384
balcova;ezgi kiz ogrenci yurdu;kiz;ozel;4,3;11;24 saat acik;0532 464 72 24;koruturk, dilan sk. no:9/2, 35330 balcova/izmir;https://www.ezgikizyurtlari.com/;38.391491517695854; 27.049080098077496
balcova;demet kiz ogrenci yurdu;kiz;ozel;4,5;11;24 saat acik;0536 606 56 50;koruturk, meltem sk. no 43/1, 35330 balcova/izmir;-;38.391281582844; 27.04413912393782
balcova;turk egitim vakfi cumhuriyet yuksek ogrenim kiz ogrenci yurdu;kiz;vakif;4,3;96;24 saat acik;0232 278 27 27;koruturk, lider sk. no:23, 35330 balcova/izmir;-;38.39076054721337; 27.043045493401426
balcova;t.c. milli egitim bakanligi ozel mercan kiz ogrenci yurdu 2;kiz;ozel;4,0;9;-;0232 278 29 95;koruturk, kasirga sk. no:33, 35330 balcova/izmir;https://www.yurtarama.com/y-mercan-kiz-ogrenci-yurdu-balcova-izmir-1324.html;38.39067406581364; 27.04405370503982
balcova;yuksek ogrenim kredi ve yurtlar kurumu ataturk inciralti yurt mudurlugu;-;devlet;3,8;531;-;0232 277 33 33;inciralti, inciralti cd. no:69, 35330 balcova/izmir;-;38.413014352162605; 27.031416043141636
balcova;dilara kiz ogrenci yurdu izmir balcova;kiz;ozel;4,7;65;24 saat acik;0507 397 06 37;koruturk, kestane sk. no.51, 35330 balcova/izmir;-;38.39170414545765; 27.043731687842037
balcova;narin kiz ogrenci yurdu;kiz;ozel;3,4;12;-;0232 278 99 90;koruturk, ozlem sk. no:22, 35330 balcova/izmir;https://narinkizyurduu.wordpress.com/;38.392039099211885; 27.05052027012466
balcova;nafi kiz ogrenci yurdu;kiz;ozel;5,0;2;-;0533 383 03 82;koruturk, kasirga sk. no:39, 35330 balcova/izmir;https://nafikizyurdu.com/;38.39069143812575; 27.044729256633158
balcova;ozel deniz yildizi yuksek ogrenim erkek ogrenci aparti;erkek;ozel;2,2;10;24 saat acik;0507 763 93 62;koruturk, ozlem sk. no: 14, 35330 balcova/izmir;http://www.denizyildizierkekapart.com/;38.39168398245883; 27.049570087876614
balcova;ataturk ogrenci yurdu;-;devlet;3,4;20;-;0232 277 33 33;inciralti, 10. sk no:69, 35040 balcova/izmir;-;38.40218494720352; 27.037232570124665
bayindir;yurtkur ogrenci yurdu;-;ozel;4,3;37;24 saat acik;-;sadikpasa, sht. cevdet aygun cd. no:11, 35840 bayindir/izmir;-;38.21453457446495;27.64401156523184
bayindir;ozel zeynel aktas ortaogrenim erkek ogrenci yurdu;erkek;ozel;5,0;1;-;0232 581 42 22;sadikpasa, orhan gazi sk. no:18, 35840 bayindir/izmir;-;38.21461728535916;27.642570521051045
bayrakli;ozel kemal catmadas ortaogrenim erkek ogrenci yurdu;erkek;ozel;4,8;105;24 saat acik;0232 365 44 51;gumuspala, 7000. sk., 35510 bayrakli/izmir;https://ozel-kemal-catmadas-ortaogrenim-erkek-ogrenci.business.site/?utm_source=gmb&utm_medium=referral;38.46686030375605; 27.13510560874608
bayrakli;ozel yildiz orta ogretim erkek ogrenci yurdu;erkek;ozel;3,0;2;-;-;gumuspala, 7075. sk., 35510 bayrakli/izmir;-;38.470488698463924; 27.136536439435375
bayrakli;ozel bayrakli ortaokul erkek ogrenci yurdu;erkek;ozel;4,8;73;24 saat acik;0232 341 71 71;cicek, 1631. sk. no:47, 35540 bayrakli/izmir;https://ozel-bayrakli-ortaokul-ogrenci-yurdu.business.site/?utm_source=gmb&utm_medium=referral;38.46681220276473; 27.168318760859005
bayrakli;ozel gumuspala ortaogretim erkek ogrenci yurdu;erkek;ozel;-;-;24 saat acik;0232 365 63 44;gumuspala, 7049. sk. no:7, 35510 bayrakli/izmir;https://ozel-gumuspala-ortaogretim-erkek-ogrenci.business.site/?utm_source=gmb&utm_medium=referral;38.47106154301047; 27.138864107187324
bayrakli;nilufer orta ogretim kiz ogrenci yurdu;kiz;ozel;-;-;gecici olarak kapali;-;manavkuyu, sakarya cd., 35535 bayrakli/izmir;-;38.45664322300099; 27.184393252926892
bergama;bergama yurt;-;devlet;3,8;9;24 saat acik;0535 340 81 81;fatih, yuvam sitesi ic yolu, 35700 bergama/izmir;http://www.bergamaapart.com/;39.09833362046671;27.159835871310882
bergama;bergama ogrenci yurdu;-;devlet;-;-;-;0537 420 06 55;fatih, gazi cd. no: 3, 35700 bergama/izmir;https://bergamaapart.com/;39.10145504417301;27.168436953593446
bornova;ozel kumlu yuksek ogrenim kiz ogrenci yurdu;kiz;ozel;2,9;22;-;0232 339 40 40;kazim dirik mah ankara cad no:249 bornova izmir, 35100;-;38.46246638558213; 27.210009094125006
bornova;egeyurt izmir ozel ogrenci yurdu;-;ozel;3,4;636;24 saat acik;0232 342 44 00;kazimdirik, 372. sk. no:12/2, 35100 bornova/izmir;http://egeyurt.com.tr/;38.452966429423554; 27.21578337990991
bornova;ozel bornova yuksekogrenim erkek ogrenci yurdu;erkek;ozel;4,0;146;-;0507 145 25 50;eski bornova stadyum migros, kazim dirik mh. 200 sk, karsisi no:2/3, 35515 bornova/izmir;https://www.bornovaozelerkekogrenciyurdu.com/;38.465327625828195; 27.208813598524692
bornova;ozel bati plus kiz ogrenci yurdu;kiz;ozel;4,3;43;-;0532 550 76 94;erzene, 63. sk. no:28, 35040 bornova/izmir;http://www.batikizyurdu.com/;38.4638474111175; 27.22674842038446
bornova;ozel maya yuksek ogrenim erkek ogrenci yurdu;erkek;ozel;3,5;43;-;0552 345 59 08;ergene, 554. sk. no.32, 35050 bornova/izmir;http://www.mayakizogrenciyurdu.com/;38.46624970370442; 27.21585668546932
bornova;ozel karahan grup yuksek ogrenim erkek ogrenci yurdu;erkek;ozel;4,2;12;-;0554 315 52 43;kazimdirik, 215. sk. no: 7, 35040 bornova/izmir;-;38.46020201004402; 27.205639608746083
bornova;ozel hisar yuksekogretim erkek ogrenci yurdu;erkek;ozel;4,5;258;24 saat acik;0232 339 13 84;mevlana, 1722. sk. no:3, 35050 bornova/izmir;-;38.44679774557411; 27.22949435478002
bornova;ozel atahan kiz ogrenci yurdu;kiz;ozel;4,2;135;24 saat acik;0232 343 00 70;kazimdirik, 364/11. sk. no:4, 35100 bornova/izmir;http://www.atahanogrenciyurdu.com/;38.44551657654195; 27.202671406892954
bornova;ozel bornova villa yuksekogretim kiz ogrenci yurdu;kiz;ozel;4,4;66;-;0530 605 76 94;evka 3, kucukseyler anaokulu arkasi, erzene mahallesi, 115/2. sk. profesorler sitesi no:7, 35040 bornova/izmir;http://www.ozelbornovavillakizyurdu.com/;38.47067489803012; 27.23857775478002
bornova;kilicoglu ogrenci yurdu;-;-;3,7;98;-;0232 400 78 78;kazimdirik, 367/4 sk no:9, 35100 bornova/izmir;http://www.kilicogluogrenciyurdu.com/;38.45123002377992; 27.20565099340143
bornova;yasemin kiz ogrenci yurdu;kiz;ozel;4,2;30;24 saat acik;0232 373 29 00;kazimdirik, 6, 150. sk., 35100 bornova/izmir;http://www.yaseminogrenciyurdu.com/;38.46557191245953; 27.218932616678195
bornova;izmir bornova ozel papatyam kiz ogrenci yurdu;kiz;ozel;4,6;8;-;0232 343 43 02;erzene, 116. sk. no:6, 35040 bornova/izmir;https://www.google.com/travel/hotels/izmir%20yurtlar/entity/CgsI0-2u_fPJm9aLARAB/prices?g2lb=2502548,2503771,2503781,4258168,4284970,4291517,4597339,4757164,4814050,4874190,4893075,4924070,4965990,72298667,72302247,72317059,72370226,72379816,72390435,72393625,72398503&hl=tr-TR&gl=tr&ssta=1&q=izmir+yurtlar&ts=CAESABorCikSJzIlMHgxNGI5N2NlOGUyNTcxM2NmOjB4OGJhYzZlNGYzZmFiYjZkMw&rp=OAJAAEgBwAEC&ictx=1&sa=X&ved=2ahUKEwiirt7smoWCAxVngP0HHUfeBzQQrK0LegQIBBAC;38.46844100222315; 27.23393921719778
bornova;forum kiz ogrenci yurdu;kiz;ozel;4,6;36;-;0532 057 65 35;kazimdirik, 372/9. sk. no:21, 35100 bornova/izmir;https://ozelbornovaforumkizogrenciyurdu.business.site/?utm_source=gmb&utm_medium=referral;38.446907274856805; 27.218750645514355
bornova;ozel engin deniz erkek ogrenci yurdu;erkek;ozel;3,0;48;24 saat acik;0232 339 12 12;erzene, 8. sk. no:46, 35040 bornova/izmir;-;38.468713401913334; 27.223545095254558
bornova;ozel kilit residance yuksekogrenim kiz ogrenci yurdu;kiz;ozel;3,0;51;-;0232 388 39 12;erzene, 62. sk. no:14, 35040 bornova/izmir;-;38.463646112219244; 27.227175935729104
bornova;ozel egelim yuksekogrenim kiz ogrenci yurdu;kiz;ozel;4,2;19;24 saat acik;0232 348 84 06;kazimdirik, 259. sk. no: 12, 35100 bornova/izmir;http://www.egelimkizyurdu.com/sayfalar/iletisim.php;38.45907881247304; 27.20207130689295
bornova;yasar universitesi ogrenci yurdu;-;ozel;3,7;84;24 saat acik;0232 570 80 20;mah, 367/2 sokak no : 9/2 kazim dirik, 35100 bornova/izmir;https://yurt.yasar.edu.tr/;38.45104211308747; 27.2041027357291
bornova;yuksek ogrenim kredi ve yurtlar kurumu bornova ogrenci yurdu;-;devlet;3,7;211;-;-;mevlana, 1744. sk. no:1, 35050 bornova/izmir;-;38.45071164006074; 27.231636886508486
bornova;ozel hedef yuksek ogrenim ogrenci yurdu;-;ozel;4,3;55;-;0232 388 58 56;erzene, 61. sk. no:12, 35040 bornova/izmir;https://hedefyurt.com/;38.4641217187254; 27.227676110599212
bornova;kyk yoruk ali efe erkek ogrenci yurdu mudurlugu b blok;erkek;devlet;4,5;44;24 saat acik;0232 373 72 71;mevlana, 1771/1. sk no:7, 35050 bornova/izmir;https://kygm.gsb.gov.tr/;38.448501349678786; 27.227882254780017
bornova;birgul hanim yuksek ogrenim kiz ogrenci aparti;kiz;ozel;4,7;37;24 saat acik;0545 145 24 24;erzene, 37. sk. no:7, 35040 bornova/izmir;https://www.birgulhanimkizaparti.com/;38.469039600251065; 27.227303324090723
bornova;yuksek ogrenim kredi ve yurtlar kurumu;-;devlet;3,0;5;-;-;erzene, ege unv., 35040 bornova/izmir;-;38.45071164006074; 27.232763414305477
bornova;altay erkek ogrenci apart;erkek;ozel;3,5;15;24 saat acik;0552 694 16 78;mevlana, 1700. sk. no:10, 35050 bornova/izmir;https://altay-erkek-ogrenci-apart.business.site/?utm_source=gmb&utm_medium=referral;38.45017715497844; 27.237245560859005
bornova;gsb kyk yoruk ali efe erkek ogrenci yurdu;erkek;devlet;4,1;140;24 saat acik;0232 388 95 00;mevlana, no:, 1776. sk. no:4, 35050 bornova/izmir;-;38.44987286284701; 27.227561935729096
bornova;ozel yuksekogrenim sevgiyle kiz ogrenci yurdu;kiz;ozel;5,0;4;-;0553 374 49 09;kazimdirik, 229. sk. no:7, 35100 bornova/izmir;http://www.sevgiylekizogrenciyurdu.com/;38.45923910367564; 27.20173514551436
bornova;ulusoy residence & konaklama;-;ozel;3,7;132;-;0549 374 16 66;mevlana, 1743/1. sk. no:13, 35050 bornova/izmir;https://www.google.com/travel/hotels/izmir%20yurtlar/entity/CgsI-7izzfjD6d2HARAB/prices?g2lb=2502548,2503771,2503781,4258168,4284970,4291517,4597339,4757164,4814050,4874190,4893075,4924070,4965990,10207535,72298667,72302247,72317059,72370226,72379816,72389535,72389537,72390435,72393630,72398503&hl=tr-TR&gl=tr&ssta=1&q=izmir+yurtlar&ts=CAESABorCikSJzIlMHgxNGI5N2Q3MjQ3NzE4OTZiOjB4ODdiYmE2MWY4OWFjZGM3Yg&rp=OAJAAEgBwAEC&ictx=1&sa=X&ved=2ahUKEwih4o2AkoWCAxXGhP0HHacsCm0QrK0LegQIBRAC;38.44970641039558; 27.23138111947487
bornova;kyk bornova erkek ogrenci yurdu e blok;erkek;devlet;4,1;16;-;-;mevlana, 1744. sk., 35050 bornova/izmir;-;38.44992080635314; 27.231432838695007
bornova;yukselis ogrenci residence;-;ozel;4,3;142;24 saat acik;0507 502 58 85;kazimdirik, universite cd., 35100 bornova/izmir;http://www.yukselisresidence.com/;38.45376864494136; 27.199536324090726
bornova;ozel beyaz zambak orta ogrenim kiz ogrenci yurdu;kiz;ozel;4,8;30;-;-;evka 3, 113. sk., 35050 bornova/izmir;-;38.46927730099769; 27.240419093401435
bornova;orkun yuksek ogrenim erkek ogrenci yurdu bornova;erkek;ozel;3,1;17;-;0232 339 55 03;erzene, 67. sk. no:15, 35040 bornova/izmir;-;38.46408421202833; 27.2239216971077
bornova;tomak erkek ogrenci yurdu;erkek;ozel;3,7;3;-;0232 343 09 76;kazimdirik, 1745. sok. no:6, 35100 bornova/izmir;-;38.44897185690553; 27.221325687911204
bornova;ozel ulusoy ata erkek ogrenci yurdu;erkek;ozel;4,6;19;24 saat acik;0507 689 40 40;erzene, 8. sk. no:46, 35040 bornova/izmir;http://www.ulusoyerkekogrenciyurdu.com/;38.46865130091613; 27.22353123758224
bornova;tugva izmir - sehit fethi sekin yuksekogrenim erkek ogrenci yurdu;erkek;-;4,1;33;-;0553 859 01 52;kazimdirik, 5003. sk. no:39, 35100 bornova/izmir;-;38.44136035965858; 27.186262300813958
bornova;sifa universitesi bornova erkek ogrenci yurdu;erkek;-;-;-;-;0232 461 66 20;kazim dirik mah. 364/4 sk., no: 9/1 b blok, 35100 bornova;-;38.45088945742893; 27.205575662712132
bornova;kucukpark erkek ogrenci yurdu;erkek;ozel;-;-;gecici olarak kapali;-;karacaoglan, otogar, 35070 bornova/izmir;https://www.yurtlarburada.com/bornova-kucukpark-erkek-ogrenci-yurdu-y-3026;38.432450891411996; 27.214544132022844
bornova;mutlusoy yuksekogrenim kiz ogrenci yurdu;kiz;ozel;-;-;gecici olarak kapali;0232 373 61 37;ergene, 554. sk. no:32, 35040 bornova/izmir;-;38.466333707727486; 27.21570648176305
bornova;ahmediye yuksek ogrenci yurdu;-;-;5,0;3;-;-;kizilay, 35030 bornova/izmir;-;38.47082549767926; 27.220592149220618
bornova;kyk ege yurt mudurlugu;-;devlet;2,3;46;-;0232 388 10 83;erzene, ege unv., 35040 bornova/izmir;-;38.454443935839244; 27.23585024736749
bornova;gelincik kiz yurdu;kiz;ozel;3,0;2;-;-;kazimdirik, 200. sk. 2-3, 35100 bornova/izmir;-;38.465050408313495; 27.208223512452342
bornova;yali kiz ogrenci yurdu;kiz;ozel;-;-;gecici olarak kapali;-;kazimdirik, ankara cd. no:249, 35100 bornova/izmir;https://www.google.com/travel/hotels/izmir%20yurtlar/entity/CgoI5eO9k7bIo7k4EAE/prices?g2lb=2502548,2503771,2503781,4258168,4284970,4291517,4597339,4757164,4814050,4874190,4893075,4924070,4965990,10207535,72298667,72302247,72317059,72370226,72379816,72389535,72389537,72390435,72393630,72398503&hl=tr-TR&gl=tr&ssta=1&q=izmir+yurtlar&ts=CAESABorCikSJzIlMHgxNGI5N2QzMTkzOWZmMTBiOjB4Mzg3MjhlNDM2MjZmNzFlNQ&rp=OAJAAEgBwAEC&ictx=1&sa=X&ved=2ahUKEwifounUkoWCAxXsgP0HHQltAlwQrK0LegQIBRAC;38.45816457483464; 27.207516470849022
bornova;ozel murat ozturk orta ogretim erkek ogrenci yurdu;erkek;ozel;1,7;3;gecici olarak kapali;-;mevlana, 1739. sk., 35050 bornova/izmir;-;38.45068643564084; 27.234465306892957
bornova;ozel atif bey kiz ogrenci yurdu;kiz;ozel;2,8;5;-;-;erzene, genclik cd. no:31, 35040 bornova/izmir;https://www.google.com/travel/hotels/izmir%20yurtlar/entity/CgoIj5aIvvrr14A-EAE/prices?g2lb=2502548,2503771,2503781,4258168,4284970,4291517,4597339,4757164,4814050,4874190,4893075,4924070,4965990,10207535,72298667,72302247,72317059,72370226,72379816,72389535,72389537,72390435,72393630,72398503&hl=tr-TR&gl=tr&ssta=1&q=izmir+yurtlar&ts=CAESABorCikSJzIlMHgxNGI5N2NkZWFkNGVkN2M3OjB4M2UwMTVmNWZhN2MyMGIwZg&rp=OAJAAEgBwAEC&ictx=1&sa=X&ved=2ahUKEwjZpPDdkoWCAxU-gv0HHQq_AjwQrK0LegQIBRAC;38.46236578712216; 27.226067001045354
bornova;ozel menekse yuksek ogrenim kiz ogrenci yurdu;kiz;ozel;-;-;gecici olarak kapali;-;kazimdirik, 196. sk., 35100 bornova/izmir;-;38.462827117138666; 27.206986805039815
bornova;pelikan erkek apart;erkek;ozel;3,6;123;-;0532 779 24 75;mevlana, 1745. sk. no:5, 35050 bornova/izmir;https://www.google.com/travel/hotels/izmir%20yurtlar/entity/CgoI0p3-xL682v5MEAE/prices?g2lb=2502548,2503771,2503781,4258168,4284970,4291517,4597339,4757164,4814050,4874190,4893075,4924070,4965990,10207535,72298667,72302247,72317059,72370226,72379816,72389535,72389537,72390435,72393630,72398503&hl=tr-TR&gl=tr&ssta=1&q=izmir+yurtlar&ts=CAESABorCikSJzIlMHgxNGI5N2NkMjY3ZGIwN2Q3OjB4NGNmZDY5ZTNlODlmOGVkMg&rp=OAJAAEgBwAEC&ictx=1&sa=X&ved=2ahUKEwjNzuHlkoWCAxVwhP0HHduGCvkQrK0LegQIBBAC;38.44953416187356; 27.23119621595632
bornova;ozel dutlu sokak3 yok ogrenci yurdu;-;ozel;3,0;7;gecici olarak kapali;-;kazimdirik, 35000 bornova/izmir;-;38.44437703255711; 27.189408974350517
bornova;ogrenci yurdu;-;-;-;-;gecici olarak kapali;-;kazimdirik, 372. sk. no:12, 35100 bornova/izmir;https://www.google.com/travel/hotels/izmir%20yurtlar/entity/CgsItvrZ-Le4w_ubARAB/prices?g2lb=2502548,2503771,2503781,4258168,4284970,4291517,4597339,4757164,4814050,4874190,4893075,4924070,4965990,10207535,72298667,72302247,72317059,72370226,72379816,72389535,72389537,72390435,72393630,72398503&hl=tr-TR&gl=tr&ssta=1&q=izmir+yurtlar&ts=CAESABorCikSJzIlMHgxNGI5NjJkNGQ0ZDFlNWVkOjB4OWJmNzBkYzM3ZjE2N2QzNg&rp=OAJAAEgBwAEC&ictx=1&sa=X&ved=2ahUKEwiq_abqkoWCAxWqg_0HHYg0AF0QrK0LegQIBRAC;38.45000625313411; 27.21778550926566
bornova;dutlu sokak erkek ogrenci yurdu;erkek;ozel;-;-;gecici olarak kapali;-;erzene, 113. sk. no: 7, 35040 bornova/izmir;https://www.google.com/travel/hotels/izmir%20yurtlar/entity/CgoI2LjKl8Lz7p4qEAE/prices?g2lb=2502548,2503771,2503781,4258168,4284970,4291517,4597339,4757164,4814050,4874190,4893075,4924070,4965990,10207535,72298667,72302247,72317059,72370226,72379816,72389535,72389537,72390435,72393630,72398503&hl=tr-TR&gl=tr&ssta=1&q=izmir+yurtlar&ts=CAESABorCikSJzIlMHgxNGI5N2M4YzM2ZjIwNjcxOjB4MmEzZGJiOWMyMmYyOWM1OA&rp=OAJAAEgBwAEC&ictx=1&sa=X&ved=2ahUKEwil86_wkoWCAxVlhf0HHXwaBOYQrK0LegQIBRAC;38.474351290500266; 27.249635039435375
bornova;yediveren erkek ogrenci yurdu;erkek;ozel;1,0;1;gecici olarak kapali;-;kizilay, 342. sk. no:73, 35100 bornova/izmir;https://www.google.com/travel/hotels/izmir%20yurtlar/entity/CgoI56vjqfjT-pg-EAE/prices?g2lb=2502548,2503771,2503781,4258168,4284970,4291517,4597339,4757164,4814050,4874190,4893075,4924070,4965990,10207535,72298667,72302247,72317059,72370226,72379816,72389535,72389537,72390435,72393630,72398503&hl=tr-TR&gl=tr&ssta=1&q=izmir+yurtlar&ts=CAESABorCikSJzIlMHgxNGI5NjJiOTYwNWMxMmU3OjB4M2UzMWVhOWY4NTM4ZDVlNw&rp=OAJAAEgBwAEC&ictx=1&sa=X&ved=2ahUKEwir2r7xkoWCAxWpgP0HHU2tDdoQrK0LegQIBhAC;38.443135717158725; 27.191396186052167
buca;ozel palmira rezidans yuksekogrenim kiz ogrenci yurdu;kiz;ozel;4,2;134;-;0507 651 99 55;yildiz, no:, 199/6. sk. no:10, 35390 buca/izmir;http://palmirarezidans.com/;38.374934165606746; 27.181202705039816
buca;ozel ekin yuksekogrenim erkek ogrenci yurdu;erkek;ozel;4,3;102;24 saat acik;0232 440 50 10;ataturk, 63. sk. no:20, 35160 buca/izmir;http://www.ekinyurdu.com/;38.38182795609726; 27.179248385469315
buca;ozel uygun buca kiz ogrenci yurdu;kiz;ozel;4,0;42;24 saat acik;0535 716 60 33;adatepe, 8/5. sk. no:4, 35020 buca/izmir;-;38.384382608843076; 27.183766289695164
buca;yuksek ogrenim kredi ve yurtlar kurumu buca kiz ogrenci yurdu;kiz;devlet;4,1;169;-;0232 453 70 74;kurucesme, 203/40. sk., 35390 buca/izmir;http://izmir.gsb.gov.tr/;38.37150946013285; 27.190336047367488
buca;buca tinaztepe asil kiz oprenci yurdu;kiz;ozel;3,3;40;24 saat acik;0532 216 23 58;kurucesme mahallesi dogus caddesi tinaztepe, no:206, 35140 buca/izmir;http://www.asilkizyurdu.com.tr/;38.37027383896849; 27.196352327796994
buca;yuksek ogrenim kredi ve yurtlar kurumu hanzade hatun ogrenci yurdu;-;devlet;3,3;100;-;-;yildiz, 206/64. sk. no:8, 35390 buca/izmir;-;38.37257611903667; 27.18839654128851
buca;ozel sultan ahmet kiz ogrenci yurdu;kiz;ozel;3,4;38;-;0544 487 90 96;adatepe, 61. sk. no:10, 35400 buca/izmir;http://www.sultanahmetyurt.com/;38.38149885415895; 27.182675424090725
buca;sim kiz ogrenci yurdu;kiz;ozel;3,6;252;24 saat acik;0534 203 83 82;yildiz, 206/40. sk. no:24, 35222 buca/izmir;http://www.simyurtlari.com/;38.3732729584618; 27.181752985988908
buca;ozel dokuz eylul yuksekogrenim erkek ogrenci yurdu;erkek;ozel;3,9;78;24 saat acik;0505 495 36 55;adatepe, 3. sk. no:51, 35600 buca/izmir;https://www.dokuzeylulerkekyurdu.com/;38.38435382883234; 27.18524192409073
buca;ozel fakulte yuksek ogrenim erkek ogrenci yurdu;erkek;ozel;4,9;44;24 saat acik;0530 569 58 29;vali rahmi bey, 15, 139. sk., 35380 buca osb/buca/izmir;https://xn--faklteyurt-ceb.com/;38.38769658161328; 27.17177212223759
buca;ozel guven yuksekogretim erkek ogrenci yurdu;erkek;ozel;4,0;29;24 saat acik;0232 420 99 80;adatepe, 4. sk. no:18, 35370 buca/izmir;https://www.guvenerkekyurdu.com/;38.38334551218182; 27.18358653202284
buca;sehzade kiz yurdu;kiz;ozel;4,5;35;24 saat acik;0506 330 00 61;yaylacik, 38/2. sk. no.5, 35400 buca/izmir;http://www.izmirbucakizyurtlari.com/;38.39065361975344; 27.181410260859007
buca;kyk izmir kiz ogrenci yurdu;kiz;devlet;3,8;293;-;0232 440 10 66;kurucesme, dogus cd. no:132, 35390 buca osb/buca/izmir;https://www.guncel-egitim.org/kyk-izmir-kiz-ogrenci-yurdu/;38.377286226169026; 27.19119804736749
buca;papatya kiz ogrenci yurdu;kiz;ozel;5,0;12;24 saat acik;0232 420 09 02;dumlupinar, 68. sk. no:8, 35400 buca/izmir;-;38.38534320649755; 27.17798490318668
buca;yuksek ogrenim kredi ve yurtlar kurumu hoca ahmet yesevi yurt mudurlugu cumhuriyet blogu;-;devlet;3,8;15;-;0232 442 13 00;gaziler, 1080/2 sk no:2, 35390 buca/izmir;-;38.39389903871323; 27.18440292409073
buca;haci ahmet tatari yurdu;-;devlet;2,7;231;-;0232 420 51 64;gaziler, 1086. sk. no:7, 35390 buca/izmir;https://www.guncel-egitim.org/buca-haci-ahmet-tatari-kyk-erkek-yurdu/;38.39116389085438; 27.184094129650124
buca;ozel smyrna kiz ogrenci yurdu;kiz;ozel;4,9;47;-;0232 442 48 11;dumlupinar, 109. sk. no:18, 35000 buca osb/buca/izmir;http://www.smyrnakizogrenciyurdu.com/;38.38467218829495; 27.17260422594386
buca;ozel alacati yuksekogrenim erkek ogrenci yurdu;erkek;ozel;4,2;23;24 saat acik;0533 310 27 67;ataturk, 202/44. sk. a blok no:1, 35390 buca/izmir;https://yurtalacati.com/;38.37728016151588; 27.18711265900587
buca;izmir ozel deniz kiz ogrenci yurdu;kiz;ozel;-;-;24 saat acik;0539 405 43 95;dumlupinar, 81. sk. no:36, 35160 buca/izmir;https://izmirdenizkizogrenciyurdu.business.site/?utm_source=gmb&utm_medium=referral;38.38776321557735; 27.17391794914209
buca;ozel dramali erkek ogrenci yurdu;erkek;ozel;3,9;161;24 saat acik;0532 292 08 28;dumlupinar, baris manco kultur sk. no:26-28, 35678 buca/izmir;http://www.mdramali.com/;38.385244016595244; 27.17332083202284
buca;pelin kiz ogrenci yurdu;kiz;ozel;4,9;36;-;0532 667 73 93;adatepe, 8/5. sk., 35400 buca/izmir;http://www.bucaozelkizyurdu.com/;38.38431744924328; 27.184272216158607
buca;lider erkek yurdu | izmir buca ozel yurt;erkek;ozel;4,3;47;24 saat acik;0232 452 53 54;efeler, 308/3. sk. no:2, 35380 buca osb/buca/izmir;https://lidererkekyurdu.com/;38.38877309261774; 27.159334968271537
buca;ozel mutlu dokuz eylul tinaztepe erkek ogrenci yurdu;erkek;ozel;3,9;84;24 saat acik;0505 495 36 55;kozagac, 220. sk. no:68, 35390 buca/izmir;http://www.dokuzeylulerkekyurdu.com/;38.37814846397429; 27.177036197107697
buca;eylul yuksek ogrenim kiz ogrenci yurdu;kiz;ozel;4,6;12;-;0552 210 00 80;adatepe, 3. sk. no: 65, 35400 buca/izmir;http://eylulkizogrenciyurdu.com/;38.38345330104942; 27.18516169340143
buca;universite ogrenci evi;-;ozel;3,9;161;24 saat acik;0532 560 28 28;kurucesme, 205/12. sk. no:5, 35160 buca/izmir;http://www.universiteogrencievi.com/;38.366378976892136; 27.19853646271214
buca;ozel onder izmir sehit ahmet ozsoy yuksekogretim erkek ogrenci yurdu;erkek;ozel;4,1;31;24 saat acik;0552 481 29 58;ataturk, 63/7. sk. no:1, 35390 buca/izmir;-;38.38022711465481; 27.180772633875975
buca;gazi ayse hanim kiz ogrenci yurdu;kiz;devlet;3,7;145;-;0232 503 92 78;yildiz, 203/38. sk. no:57, 35390 buca/izmir;https://kygm.gsb.gov.tr/YurtMudurlukleri;38.37255261506571; 27.187738939435373
buca;ozel beyler yuksek ogrenim erkek ogrenci yurdu;erkek;ozel;3,7;38;-;0507 760 09 27;ataturk, 202/35. sk. no:41, 35160 buca/izmir;http://beyleryurdu.com/hakkimizda/;38.37768116081663; 27.1831126971077
buca;ozel deniz ortaokul kiz ogrenci yurdu;kiz;ozel;4,4;7;-;0232 275 76 12;goksu, 668/5. sk. no: 14, 35380 buca/izmir;-;38.36261354949889; 27.145860902667096
buca;ozel buca egitim erkek ogrenci yurdu;erkek;ozel;4,0;62;24 saat acik;0554 815 01 35;vali rahmi bey, mah, 130. sk. no:12, 35380 buca/izmir;https://buca-egitim-erkek-ogrenci-yurdu.business.site/;38.38860596068182; 27.167669216678203
buca;barbaros kyk erkek ogrenci yurdu;erkek;devlet;4,5;17;-;-;yenigun, gazeteci yazar ismail sivri blv no:202, 35390 buca osb/buca/izmir;-;38.37323255856979; 27.163886756633154
buca;ozel eroglu yuksek ogrenim erkek ogrenci yurdu;erkek;ozel;4,3;157;-;0232 453 63 32;ataturk mah, 204/4. sk. no:4, 35000 buca/izmir;http://www.erogluogrenciyurtlari.com/;38.377273164584835; 27.18014773943537
buca;ozel gunes kiz ogrenci yurdu;kiz;ozel;2,7;25;24 saat acik;0232 442 48 78;dumlupinar, kibris cd. no:32, 35400 buca/izmir;http://www.ozelguneskizyurdu.com/;38.38522392796125; 27.17955667620365
buca;ayaz erkek ogrenci yurdu;erkek;ozel;4,3;55;24 saat acik;0555 624 85 25;ataturk, 207. sk. no:27, 35390 buca/izmir;http://xn--ayazerkekrenciyurdu-y6b57f.com.tr/;38.380754851794386; 27.178866847367487
buca;ozel dokuz eylul buca erkek ogrenci yurdu;erkek;ozel;4,2;21;-;0505 495 36 55;dumlupinar, baris manco kultur sk. no: 25, 35400 buca/izmir;https://www.dokuzeylulerkekyurdu.com/;38.385096849270184; 27.17409553150325
buca;elmas kiz ogrenci yurdu;kiz;ozel;4,8;26;24 saat acik;0232 608 86 86;camlipinar, 293/65. sk no:7, 35390 buca/izmir;https://www.elmaskizyurdu.com/;38.36873162350436; 27.160658639435372
buca;altinsaray yuksek ogrenim erkek ogrenci yurdu;erkek;ozel;3,9;7;-;0232 420 01 51;vali rahmi bey, 127. sk. no:12, 35380 buca/izmir;-;38.38554836861762; 27.169886805039816
buca;ozel buca yildiz yuksek ogretim erkek ogrenci yurdu;erkek;ozel;4,4;70;-;+92 324542595;buca koop., 1417. sk. no:5, 35678 buca/izmir;http://www.kursunkalem.com/izmir/buca/ozel-buca-yildiz-yuksek-ogretim-erkek-ogrenci-yurdu/;38.367910325318114; 27.181358518531326
buca;ozel eroglu kiz ogrenci yurdu;kiz;ozel;3,0;2;-;0232 442 40 50;ataturk, 204/26. sk. no:4, 35390 buca/izmir;http://www.erogluogrenciyurtlari.com/erkek/kiz-yurdu-sube-2;38.380461080902215; 27.18308181482506
buca;hanzade hatun yuksek ogrenim kiz ogrenci yurdu;kiz;devlet;-;-;-;0232 503 92 68;yildiz, 206/37. sk. no:7, 35390 buca/izmir;-;38.37212103877826; 27.188112693401425
buca;barbaros kyk ogrenci yurdu buca;-;devlet;3,5;91;-;-;buca koop., 200/68. sk no:4, 35390, 35390 buca osb/buca/izmir;-;38.36728553863911; 27.179801722237595
buca;izelman yuksek ogrenim erkek ogrenci yurdu;erkek;-;3,2;9;24 saat acik;0232 440 22 72;ataturk, 63. sk. no:42, 35390 buca/izmir;http://www.erogluogrenciyurtlari.com/kiz/eroglu-yurt-iletisim.php;38.381304264806005; 27.180830198960837
buca;konfor ogrenci evi;-;ozel;3,6;37;-;0232 375 55 45;kurucesme, dogus cd. no:186, 35390 buca/izmir;http://www.konforogrencievi.com/;38.3714509945875; 27.195446459005872
buca;izmir hoca ahmet yesevi ogrenci yurdu;-;devlet;3,5;456;-;-;kurucesme, 35678 buca/izmir;-;38.37280212414966; 27.190573868271542
buca;buca anatolia kiz ogrenci yurdu;kiz;ozel;3,9;25;-;0232 420 39 00;adatepe, 4. sk. no:5/a, 35400 buca/izmir;http://anatoliayurtlari.com/;38.38314734032088; 27.183269568271538
buca;ozel cagli kiz ogrenci yurdu;kiz;ozel;3,4;23;gecici olarak kapali;0232 454 20 00;kurucesme, dogus cd. no:222, 35390 buca/izmir;-;38.369268286359194; 27.196740362712138
buca;ozel cagdas yuksek ogrenim kiz ogrenci yurdu;kiz;ozel;-;-;gecici olarak kapali;0232 440 62 48;dumlupinar, baris manco kultur sk. no: 13, 35400 buca/izmir;-;38.38543341781992; 27.173297395254565
buca;ilim yayma cemiyeti ozel buca yuksekogrenim kiz ogrenci yurdu;kiz;ozel;5,0;19;-;0501 700 92 99;yenigun, nazim hikmet cd no: 40, 35390 buca/izmir;https://iyc.org.tr/yurtlar/buca-yuksekogretim-kiz-ogrenci-yurdu-109706;38.37986062474209; 27.16609198361618
buca;ozel nermin hanim kiz ogrenci yurdu;kiz;ozel;-;-;gecici olarak kapali;-;dumlupinar, 82. sk., 35400 buca/izmir;-;38.38406178964342; 27.17333423943537
buca;elysium life center erkek ogrenci yurdu;erkek;ozel;3,1;77;24 saat acik;0552 303 98 00;kozagac, 220. sk. no:68, 35390 buca/izmir;-;38.37820123196433; 27.177202833356386
buca;ozel izmir yuksek erkek ogrenci yurdu;erkek;ozel;-;-;gecici olarak kapali;0232 442 01 65;adatepe, 24. sk. no:6, 35390 buca/izmir;-;38.38692738331268; 27.1820411971077
buca;fatma pehlivanoglu kiz ogrenci yurdu;kiz;ozel;3,5;4;gecici olarak kapali;0232 453 24 24;buca koop. mh., 1405. sk. no:1, 35160 buca/izmir;https://www.google.com/travel/hotels/izmir%20yurtlar/entity/CgoI47i1ucHU588dEAE/prices?g2lb=2502548,2503771,2503781,4258168,4284970,4291517,4597339,4757164,4814050,4874190,4893075,4924070,4965990,10207535,72298667,72302247,72317059,72370226,72379816,72389535,72389537,72390435,72393630,72398503&hl=tr-TR&gl=tr&ssta=1&q=izmir+yurtlar&ts=CAESABorCikSJzIlMHgxNGI5NjFlZjgxNTc4ZTM1OjB4MWQ5ZjllYTQxNzJkNWM2Mw&rp=OAJAAEgBwAEC&ictx=1&sa=X&ved=2ahUKEwjxv9DkkoWCAxUyh_0HHajZCzgQrK0LegQIBRAC;38.36795482015483; 27.187767818531327
buca;izmir yuksekogrenim kiz ogrenci yurdu;kiz;-;3,6;5;gecici olarak kapali;-;yenigun, 268. sk. hanim kazanici kiz ogrenci yurdu, 35390 buca/izmir;-;38.37978934103832; 27.166114254780023
buca;ozel binsar yuksek ogrenim kiz ogrenci yurdu;kiz;ozel;-;-;gecici olarak kapali;-;kurucesme, dogus cd., 35390 buca/izmir;-;38.37038193571716; 27.195954289695166
buca;buca kiz ogrenci yurdu;kiz;-;5,0;10;gecici olarak kapali;0232 608 86 86;camlipinar, 293/65. sk, 35040 buca/izmir;-;38.369853509384974; 27.162336518531326
buca;akbulut kiz ogrenci yurdu;kiz;ozel;-;-;gecici olarak kapali;-;dumlupinar, baris manco kultur sk. no: 25, 35400 buca/izmir;https://www.google.com/travel/hotels/izmir%20yurtlar/entity/CgoItuu23djY1-JDEAE/prices?g2lb=2502548,2503771,2503781,4258168,4284970,4291517,4597339,4757164,4814050,4874190,4893075,4924070,4965990,10207535,72298667,72302247,72317059,72370226,72379816,72389535,72389537,72390435,72393630,72398503&hl=tr-TR&gl=tr&ssta=1&q=izmir+yurtlar&ts=CAESABorCikSJzIlMHgxNGJiZDhhYTg2NzliYTY1OjB4NDNjNTVlYzU4YmFkYjViNg&rp=OAJAAEgBwAEC&ictx=1&sa=X&ved=2ahUKEwjPstDykoWCAxW2g_0HHf0lAXwQrK0LegQIBRAC;38.38516018721686; 27.173510241808092
buca;dokuz eylul universitesi ogrenci yurdu;-;devlet;3,6;321;-;0232 440 23 75;sirinkapi, yavuz sultan selim cd. no:25, 35390 evka 1 buca/buca/izmir;https://sks.deu.edu.tr/ogrenci/ogrenci-yurtlarimiz/;38.397978917045286; 27.176311708746077
buca;izmir buca ozel prestige kiz ogrenci yurdu;kiz;ozel;3,6;24;24 saat acik;0232 448 48 41;vali rahmi bey, no:, 159. sk. no:17, 35380 izmir/buca/izmir;http://www.prestigeogrenciyurdu.com/;38.38882578855554; 27.16556168969516
cesme;kyk cesme ogrenci yurdu;-;devlet;3,7;95;-;0232 724 92 76;cumhuriyet, 4320. sk. no:7, 35930 cesme/izmir;-;38.36558276977699;26.290015111785436
cesme;menba erkek ogrenci yurdu;erkek;ozel;-;-;-;0232 712 15 10;16 eylul, 3002. sk. no:11, 35930 cesme/izmir;https://www.google.com/travel/hotels/izmir%20%C3%A7e%C5%9Fme%20yurt/entity/CgoI3byBlrmgoMZQEAE/prices?g2lb=2502548,2503771,2503781,4258168,4284970,4291517,4597339,4757164,4814050,4874190,4893075,4924070,4963887,4965990,72298667,72302247,72317059,72370226,72379816,72382655,72390435,72393625&hl=tr-TR&gl=tr&ssta=1&q=izmir+%C3%A7e%C5%9Fme+yurt&ts=CAESABorCikSJzIlMHgxNGJiN2EzNmM3OWNlZTQ1OjB4NTA4YzgxMDM5MmMwNWU1ZA&rp=OAJAAEgBwAEC&ictx=1&sa=X&ved=2ahUKEwjmotO1o4mCAxWcg_0HHQDPDaQQrK0LegQIERAC;38.32727766524788;26.307207027130076
cesme;kyk cesme yurt mudurlugu;-;devlet;3,7;3;-;-;cumhuriyet, 4320. sk., 35930 cesme/izmir;-;38.36527720943997;26.29006619221488
cigli;cihannuma kiz ogrenci yurdu;kiz;devlet;3,8;25;-;-;35620, aosb/cigli/izmir;-;38.510307977465764; 27.03399952240688
cigli;kyk cihannuma kiz ogrenci yurdu;kiz;devlet;3,3;104;24 saat acik;0232 329 94 20;balatcik, izmir yaprak tutun isletmesi, 35620 aosb/cigli/izmir;-;38.5097382741538; 27.03478574226316
cigli;yuksek ogrenim kredi ve yurtlar kurumu cigli yurt mudurlugu;-;devlet;3,3;366;-;0232 329 58 24;balatcik, 8903/1. sokak no:7, 35620 cigli/izmir;-;38.513308298653826; 27.03960060689295
cigli;cigli yali kiz ogrenci yurdu;kiz;ozel;4,3;25;-;0546 295 84 36;buyuk cigli mh, anadolu cd. no.804/a, 35640 cigli/izmir;-;38.49302034864852; 27.064972335729106
cigli;egeart ogrenci evi;-;ozel;4,5;59;-;0542 326 66 86;balatcik mahallesi, aosb, 8902/7 sok no.2, 35620 cigli;http://egeartev.com/;38.516169740540874; 27.041374206892954
gaziemir;ozel gaziemir ortaokul erkek ogrenci yurdu;erkek;ozel;4,7;104;-;0232 251 19 09;atifbey, 2. sk. no:32, 35410 gaziemir/izmir;-;38.3211232631965; 27.13629505663315
gaziemir;ozel camlica ortaogretim erkek ogrenci yurdu;erkek;ozel;4,7;60;-;0232 284 03 33;irmak mah. 820. sk. no:1 pk:35410, 35410 gaziemir;-;38.403232370571324; 27.154036008746083
karabaglar;sule yuksel senler yuksek ogrenim kiz ogrenci yurdu;kiz;ozel;3,2;19;-;0232 246 20 02;esentepe, 5, 74/2. sk., 35140 karabaglar/izmir;-;38.39265178865027; 27.07667894180809
karabaglar;karabaglar belediyesi ataturk yuksekogrenim kiz ogrenci yurdu;kiz;devlet;4,7;60;-;0232 226 64 66;tahsin yazici, 9310. sk. no:5, 35140 karabaglar/izmir;http://www.ataturkkizyurdu.karabaglar.bel.tr/;38.38490132638523; 27.107533249220623
karabaglar;sehit bahattin yildiz yuksek ogrenim erkek ogrenci yurdu;erkek;ozel;4,0;33;24 saat acik;0539 931 36 85;esenlik, 9056. sk. no:10, 35160 karabaglar/izmir;-;38.39732411811151; 27.11261601059921
karabaglar;ozel izmir amerikan koleji ortaogretim erkek ogrenci yurdu;erkek;ozel;4,2;15;-;0232 355 04 94;esenyali, inonu cd. no:617, 35140 karabaglar/izmir;http://www.aci.k12.tr/en;38.39443627220196; 27.09052298969516
karabaglar;izmir ozel yesilyurt orta ogretim erkek ogrenci yurdu;erkek;ozel;4,4;94;-;0232 231 70 83;tahsin yazici, mevlana cd. no:37, 35160 karabaglar/izmir;-;38.39018575755881; 27.109071232022842
karabaglar;ozel makbule akkus ortaogrenim kiz ogrenci yurdu;kiz;ozel;4,7;33;-;-;gunaltay, 4830. sk., 35130 karabaglar/izmir;-;38.37516122032998; 27.119243747367484
karabaglar;ozel murat guzelyali yuksek ogrenim erkek ogrenci yurdu;erkek;ozel;-;-;-;-;vatan, 35160 karabaglar/izmir;-;38.387938247881785; 27.10135923758224
karabaglar;ozel diyanet suren yuksek ogrenim erkek ogrenci yurdu;erkek;ozel;1,0;1;-;-;esentepe, 74/2. sk., 35140 karabaglar/izmir;-;38.39269568747582; 27.076947391548295
karabaglar;erkek ogrenci yurdu;erkek;-;1,0;1;-;-;fahrettin altay, 35140 karabaglar/izmir;-;38.39566637764203; 27.066420218011743
konak;ataturkcu dusunce dernegi gazi ayse altintas yuksek ogrenim kiz ogrenci yurdu;kiz;vakif;4,3;72;24 saat acik;0232 250 02 11;tinaztepe, esrefpasa cd. 267 a, 35270 konak/izmir;http://www.addaysealtintasyurdu.com/;38.4101462389596; 27.130075770124662
konak;pamukcu kiz ogrenci yurdu;kiz;ozel;2,0;1;-;0232 261 26 33;piri reis, 298. sk. no:5, 35280 konak/izmir;https://www.google.com/travel/hotels/izmir%20yurtlar/entity/CgoIuOKg9-Lb4aFpEAE/prices?g2lb=2502548,2503771,2503781,4258168,4284970,4291517,4597339,4757164,4814050,4874190,4893075,4924070,4965990,10207535,72298667,72302247,72317059,72370226,72379816,72389535,72389537,72390435,72393630,72398503&hl=tr-TR&gl=tr&ssta=1&q=izmir+yurtlar&ts=CAESABorCikSJzIlMHgxNGJiZDkzMDI4OWQ2ZTUxOjB4Njk0Mzg2ZGUyZWU4MzEzOA&rp=OAJAAEgBwAEC&ictx=1&sa=X&ved=2ahUKEwjwqMeOkoWCAxXKh_0HHXjDBtEQrK0LegQIBRAC;38.40554603467876; 27.11528022038446
konak;ozel sule yuksek ogrenim kiz ogrenci yurdu;kiz;ozel;3,4;9;-;-;cankaya, 141. sk., 35280 konak/izmir;-;38.40408737604834; 27.10139812038447
konak;izmir- konak ozel halil rifat yuksek ogretim erkek ogrenci yurdu;erkek;ozel;3,7;12;-;-;altintas, halil rifat pasa cd. no:189, 35260 konak/izmir;-;38.408855478031136; 27.125019700813965
konak;tac yildiz;-;ozel;2,5;2;-;-;gunes, 921. sk., 35250 konak/izmir;-;38.41770999098262; 27.136854335729105
konak;karakas erkek ogrenci yurdu;erkek;ozel;-;-;gecici olarak kapali;-;murat reis, 246. sk. no:22, 35280 konak/izmir;https://www.google.com/travel/hotels/izmir%20yurtlar/entity/CgoI-POvxePty5dfEAE/prices?g2lb=2502548,2503771,2503781,4258168,4284970,4291517,4597339,4757164,4814050,4874190,4893075,4924070,4965990,10207535,72298667,72302247,72317059,72370226,72379816,72389535,72389537,72390435,72393630,72398503&hl=tr-TR&gl=tr&ssta=1&q=izmir+yurtlar&ts=CAESABorCikSJzIlMHgxNGJiZGY1NDQwYjRmNmIzOjB4NWYyZjJmNmUzOGFiZjlmOA&rp=OAJAAEgBwAEC&ictx=1&sa=X&ved=2ahUKEwjh7Z3YkoWCAxUDk_0HHakgDv4QrK0LegQIBRAC;38.403949230345994; 27.111612754780026
konak;aridil erkek ogrenci yurdu;erkek;ozel;5,0;1;gecici olarak kapali;-;cinarli, 1578. sk., 35170 konak/izmir;-;38.43930662483651; 27.177661678056783
konak;gullu mumcu yuksek ogrenim kiz ogrenci yurdu;kiz;ozel;5,0;3;-;-;murat reis, 179. sk. no:43, 35280 konak/izmir;https://www.google.com/travel/hotels/izmir%20yurtlar/entity/CgsIpMSfv87SkIjXARAB/prices?g2lb=2502548,2503771,2503781,4258168,4284970,4291517,4597339,4757164,4814050,4874190,4893075,4924070,4965990,10207535,72298667,72302247,72317059,72370226,72379816,72389535,72389537,72390435,72393630,72398503&hl=tr-TR&gl=tr&ssta=1&q=izmir+yurtlar&ts=CAESABorCikSJzIlMHgxNGJiZDkzNWQzY2RkYTczOjB4ZDcxMDQyOTRlN2U3ZTIyNA&rp=OAJAAEgBwAEC&ictx=1&sa=X&ved=2ahUKEwiWm5LpkoWCAxVZ7LsIHcVjD8kQrK0LegQIBRAC;38.40436959139282; 27.10639814922062
menemen;aycan kiz ogrenci yurdu;kiz;ozel;3,2;43;24 saat acik;0552 809 04 35;85. yil cumhuriyet, dogu cd. no:59/9, 35665 menemen/izmir;-;38.58078058348672; 26.981571232022844
menemen;koyundere kiz yurdu;kiz;ozel;4,3;26;-;0232 846 13 13;kemal ataturk, 7528. sk. no:1, 35672 menemen/izmir;-;38.5765355884126; 27.069722408746085
narlidere;ozel narlidere camlik yuksekogrenim erkek ogrenci yurdu;erkek;ozel;4,6;62;24 saat acik;0232 238 61 74;camtepe, hurriyet sk. no:19, 35320 narlidere/izmir;http://mebcamlikogrenciyurdu.com/;38.39293202526265; 27.015440491548294
narlidere;denizhan kiz ogrenci yurdu;kiz;ozel;4,5;25;-;0232 256 49 00;mahallesi no:, dalya sk. no:6, 35320 narlidere;http://www.denizhanogrenciyurdu.com/;38.39232763461067; 27.026233764565266
seferihisar;ozel burc yuksek ogrenim erkek yurdu;erkek;ozel;5,0;1;-;0232 743 40 60;turabiye, 52/4. sk., 35460 seferihisar/izmir;-;38.19615871314981;26.84298580385328
seferihisar;ozel cuneyt acet ortaogrenim erkek ogrenci yurdu;erkek;ozel;4,0;21;-;-;colak ibrahim bey, 93. sk., 35460 seferihisar/izmir;-;38.21008157149792;26.835196773164
selcuk;selcuk yurt;-;ozel;4,0;4;-;0535 597 01 95;ataturk, siegburg cd. no:9-a, 35920 selcuk/izmir;http://www.thkselcuk.com/;37.950465442131716; 27.370459856485915
tire;zehra kiz ogrenci yurdu;kiz;ozel;5,0;3;-;0232 511 05 41;kurtulus, 23 nisan cd. no:12, 35900 tire/izmir;https://www.google.com/travel/hotels/izmir%20%20tire%20yurt/entity/CgsI6PHc1YT9ztKWARAB/prices?g2lb=2502548,2503771,2503781,2504375,4258168,4284970,4291517,4597339,4757164,4814050,4874190,4893075,4924070,4965990,72298667,72302247,72317059,72370226,72379816,72390435,72393630,72404481&hl=tr-TR&gl=tr&ssta=1&q=izmir++tire+yurt&ts=CAESABorCikSJzIlMHgxNGI5M2NhYmJkODM5ODI5OjB4OTZhNTNiZTg0YWI3MzhlOA&rp=OAJAAEgBwAEC&ictx=1&sa=X&ved=2ahUKEwjZhY2apYmCAxWKiv0HHU2LAiEQrK0LegQIFBAC;38.090183324861705;27.739115197774236
tire;ataturk ogrenci yurdu tire;-;-;-;-;-;0232 511 01 61;ihsaniye, gokcen efe meydani no:3, 35900 tire/izmir;https://www.google.com/travel/hotels/izmir%20%20tire%20yurt/entity/CgsIjOX42LrosqemARAB/prices?g2lb=2502548,2503771,2503781,2504375,4258168,4284970,4291517,4597339,4757164,4814050,4874190,4893075,4924070,4965990,72298667,72302247,72317059,72370226,72379816,72390435,72393630,72404481&hl=tr-TR&gl=tr&ssta=1&q=izmir++tire+yurt&ts=CAESABorCikSJzIlMHgxNGI5MjM1MTk4NzkyMWViOjB4YTY0ZWNiNDNhYjFlMzI4Yw&rp=OAJAAEgBwAEC&ictx=1&sa=X&ved=2ahUKEwifz5qbpYmCAxXgh_0HHevVBtoQrK0LegQIBxAC;38.09001821679372;27.74581907872336
tire;tire kyk yurdu;-;devlet;4,5;12;-;-;yeni, kadife sk. no:4, 35900 tire/izmir;-;38.09732163464517;27.737254686655522
tire;ozel yesil tire orta ogrenim erkek ogrenci yurdu;erkek;ozel;4,7;20;-;-;ataturk, 35905 tire/izmir;https://www.google.com/travel/hotels/izmir%20%20tire%20yurt/entity/CgoIr8WKibikmpoMEAE/prices?g2lb=2502548,2503771,2503781,2504375,4258168,4284970,4291517,4597339,4757164,4814050,4874190,4893075,4924070,4965990,72298667,72302247,72317059,72370226,72379816,72390435,72393630,72404481&hl=tr-TR&gl=tr&ssta=1&q=izmir++tire+yurt&ts=CAESABoqCigSJjIkMHgxNGI5M2NiYTYyNjYwNGY3OjB4YzM0NjkyMzgxMjJhMmFm&rp=OAJAAEgBwAEC&ictx=1&sa=X&ved=2ahUKEwj4ocCepYmCAxVihf0HHcLIAAkQrK0LegQIBRAC;38.09968407363431;27.72566187501712
torbali;murat eroglu erkek ogrenci yurdu;erkek;ozel;4,5;6;-;0232 854 85 00;yedi eylul, izmir aydin cd. no:187, 35860 torbali/izmir;https://www.google.com/travel/hotels/izmir%20%20torbal%C4%B1%20yurt/entity/CgoI5cLL8uzt4NUXEAE/prices?g2lb=2502548,2503771,2503781,2504375,4258168,4284970,4291517,4597339,4757164,4814050,4874190,4893075,4924070,4963887,4965990,72298667,72302247,72317059,72370226,72379816,72390435,72393625&hl=tr-TR&gl=tr&ssta=1&q=izmir++torbal%C4%B1+yurt&ts=CAESABorCikSJzIlMHgxNGI5NWI1NmU2ODRkM2Q3OjB4MTdhYjgzNmVjZTUyZTE2NQ&rp=OAJAAEgBwAEC&ictx=1&sa=X&ved=2ahUKEwiV3rLnpImCAxUii_0HHSZmD3UQrK0LegQIBRAC;38.15648380946285;27.365383957819365
torbali;sule ortaogretim kiz ogrenci yurdu;kiz;ozel;3,0;2;-;-;ertugrul, 3075. sk. no:6, 35860 torbali/izmir;https://www.google.com/travel/hotels/izmir%20%20torbal%C4%B1%20yurt/entity/CgsI1Jvv1uSdmeCwARAB/prices?g2lb=2502548,2503771,2503781,2504375,4258168,4284970,4291517,4597339,4757164,4814050,4874190,4893075,4924070,4963887,4965990,72298667,72302247,72317059,72370226,72379816,72390435,72393625&hl=tr-TR&gl=tr&ssta=1&q=izmir++torbal%C4%B1+yurt&ts=CAESABorCikSJzIlMHgxNGI5NWIzNWFkYjQ1NDA1OjB4YjBjMDY0ZWU0YWRiY2RkNA&rp=OAJAAEgBwAEC&ictx=1&sa=X&ved=2ahUKEwiGx8HopImCAxV2iv0HHROOCT4QrK0LegQIFBAC;38.15855752038758;27.35937626523184
urla;urla anadolu kiz ogrenci yurdu;kiz;ozel;1,0;1;-;-;naipli, sargin sk. 18-20, 35430 urla/izmir;https://www.google.com/travel/hotels/izmir%20%20urla%20yurt/entity/CgsIx7SSyaGDtfn2ARAB/prices?g2lb=2502548,2503771,2503781,4258168,4284970,4291517,4597339,4757164,4814050,4874190,4893075,4924070,4965990,72298667,72302247,72317059,72370226,72379816,72390435,72393625&hl=tr-TR&gl=tr&ssta=1&q=izmir++urla+yurt&ts=CAESABorCikSJzIlMHgxNGJiOTNmMDQ0ZWFiYzcxOjB4ZjZmMmQ0MWExOTI0OWE0Nw&rp=OAJAAEgBwAEC&ictx=1&sa=X&ved=2ahUKEwiI3vWcpImCAxX3h_0HHWfpAlkQrK0LegQIDRAC;38.319848036127276;26.771627761525597
urla;milli egitim bakanligi ozel mirac yuksek ogreni yurdu;-;ozel;4,3;6;-;-;yenice, duman sk., 35430 urla/izmir;-;38.31999446594885;26.771019996440796
urla;iyte kyk ogrenci yurdu urla;-;devlet;3,4;93;24 saat acik;0232 765 91 19;gulbahce, 35433 urla/izmir;https://www.google.com/travel/hotels/izmir%20%20urla%20yurt/entity/CgsIldnLg5it5eyJARAB/prices?g2lb=2502548,2503771,2503781,4258168,4284970,4291517,4597339,4757164,4814050,4874190,4893075,4924070,4965990,72298667,72302247,72317059,72370226,72379816,72390435,72393625&hl=tr-TR&gl=tr&ssta=1&q=izmir++urla+yurt&ts=CAESABorCikSJzIlMHgxNGJiOTExMGY5MjUyMWVmOjB4ODlkOTk1Njk4MDcyZWM5NQ&rp=OAJAAEgBwAEC&ictx=1&sa=X&ved=2ahUKEwiq7I2fpImCAxVhi_0HHXidCewQrK0LegQIFRAC;38.32519716816656;26.63612968294928
